Div,HomeTeam,AwayTeam,Referee,HS,AS,HST,AST,HF,AF,HC,AC,HY,AY,HR,AR,B365H,B365D,B365A,BWH,BWD,BWA,IWH,IWD,IWA,PSH,PSD,PSA,WHH,WHD,WHA,VCH,VCD,VCA,MaxH,MaxD,MaxA,AvgH,AvgD,AvgA,B365>2.5,B365<2.5,P>2.5,P<2.5,Max>2.5,Max<2.5,Avg>2.5,Avg<2.5,AHh,B365AHH,B365AHA,PAHH,PAHA,MaxAHH,MaxAHA,AvgAHH,AvgAHA,B365CH,B365CD,B365CA,BWCH,BWCD,BWCA,IWCH,IWCD,IWCA,PSCH,PSCD,PSCA,WHCH,WHCD,WHCA,VCCH,VCCD,VCCA,MaxCH,MaxCD,MaxCA,AvgCH,AvgCD,AvgCA,B365C>2.5,B365C<2.5,PC>2.5,PC<2.5,MaxC>2.5,MaxC<2.5,AvgC>2.5,AvgC<2.5,AHCh,B365CAHH,B365CAHA,PCAHH,PCAHA,MaxCAHH,MaxCAHA,AvgCAHH,AvgCAHA
E0,Man United,West Ham,M Atkinson,15,7,4,0,12,2,6,3,4,0,0,0,1.83,3.6,4.33,1.85,3.6,4.33,1.85,3.55,4.3,1.88,3.63,4.59,1.85,3.5,4.5,1.83,3.6,4.5,1.92,3.7,4.6,1.86,3.57,4.42,1.9,1.9,1.93,1.97,1.96,2.03,1.89,1.94,-0.5,1.87,2.06,1.88,2.04,1.89,2.08,1.86,2.03,1.75,3.6,4.8,1.8,3.5,4.75,1.8,3.55,4.6,1.81,3.68,5.05,1.75,3.5,5.25,1.8,3.6,4.8,1.87,3.75,5.41,1.79,3.6,4.83,2,1.8,2.09,1.81,2.13,2,2.02,1.81,-0.75,2,1.8,2.07,1.86,2.12,1.96,2.04,1.85
E0,Wolves,Liverpool,C Pawson,10,12,5,4,17,10,3,2,2,1,0,0,4.75,3.75,1.72,4.75,3.7,1.75,4.7,3.7,1.75,4.93,3.86,1.78,4.8,3.7,1.75,5,3.6,1.75,5.1,3.9,1.82,4.81,3.74,1.76,1.9,1.9,2.03,1.88,2.03,1.91,1.96,1.86,0.75,1.91,2.02,1.92,2,1.92,2.02,1.9,1.98,5.5,3.9,1.61,5.5,4,1.62,5.5,3.85,1.65,5.93,3.95,1.66,5.8,3.7,1.65,6,3.9,1.62,6,4.06,1.68,5.67,3.89,1.64,2.04,1.86,2.05,1.86,2.08,1.92,1.99,1.83,1,1.7,2.1,1.76,2.18,1.88,2.21,1.76,2.14
E0,Fulham,Leeds,D Coote,13,13,6,4,13,12,13,7,2,2,0,0,2.37,3.4,3,2.4,3.4,2.95,2.45,3.25,3,2.48,3.42,3.07,2.4,3.3,3,2.4,3.3,3.1,2.5,3.52,3.1,2.43,3.35,3,2,1.8,2.09,1.82,2.14,1.87,2.05,1.79,-0.25,2.1,1.83,2.13,1.82,2.14,1.84,2.11,1.81,2.5,3.3,2.87,2.6,3.3,2.75,2.55,3.25,2.85,2.56,3.45,2.94,2.55,3.3,2.8,2.6,3.25,2.88,2.65,3.45,2.94,2.57,3.29,2.84,2.2,1.66,2.16,1.77,2.21,1.85,2.11,1.74,0,1.86,2.07,1.83,2.11,1.88,2.11,1.84,2.04
E0,Brighton,Newcastle,A Taylor,11,3,6,1,12,5,3,1,0,1,0,0,1.66,3.5,6,1.65,3.5,6.5,1.65,3.6,6,1.67,3.61,6.73,1.67,3.5,6,1.65,3.6,6,1.72,3.62,7,1.66,3.54,6.24,2.3,1.61,2.35,1.66,2.37,1.7,2.26,1.65,-0.75,1.9,2.03,1.88,2.06,1.94,2.06,1.89,2.01,1.66,3.6,5.5,1.72,3.5,5.5,1.73,3.5,5.5,1.76,3.64,5.55,1.65,3.5,6.5,1.73,3.6,5.5,1.78,3.7,6.5,1.72,3.53,5.57,2.3,1.61,2.33,1.67,2.37,1.77,2.24,1.66,-0.75,2.01,1.92,2.02,1.91,2.05,2,1.98,1.91
E0,West Ham,Arsenal,J Moss,15,16,5,7,18,8,3,5,3,1,0,0,2.8,3.5,2.45,2.75,3.6,2.45,2.8,3.4,2.5,2.9,3.49,2.56,2.8,3.5,2.45,2.88,3.3,2.5,2.96,3.6,2.6,2.83,3.43,2.5,1.9,1.9,2.02,1.89,2.03,1.93,1.95,1.87,0,2.09,1.84,2.1,1.84,2.12,1.88,2.07,1.82,3.5,3.5,2.1,3.4,3.4,2.15,3.5,3.5,2.1,3.54,3.56,2.18,3.4,3.4,2.15,3.5,3.5,2.15,3.99,3.65,2.27,3.49,3.47,2.13,1.9,1.9,1.96,1.93,2.03,2.05,1.91,1.91,0.25,2.06,1.87,2.05,1.88,2.2,1.92,2.04,1.86
E0,Aston Villa,Tottenham,M Dean,8,9,1,3,18,13,5,8,3,2,0,0,2.9,3.3,2.45,2.9,3.4,2.45,2.95,3.35,2.4,3.03,3.46,2.48,3,3.4,2.38,2.9,3.4,2.4,3.11,3.5,2.5,2.97,3.38,2.42,1.9,1.9,1.89,2.01,1.92,2.03,1.85,1.97,0.25,1.82,2.11,1.82,2.13,1.84,2.13,1.81,2.09,2.9,3.4,2.4,3,3.4,2.35,3,3.4,2.35,3.12,3.54,2.39,3.1,3.3,2.38,3.1,3.4,2.38,3.23,3.55,2.45,3.05,3.42,2.36,1.94,1.96,1.94,1.96,2.03,2.05,1.9,1.92,0.25,1.88,2.05,1.88,2.06,2,2.1,1.87,2.03
E0,Chelsea,West Brom,D Coote,18,14,8,7,11,6,10,3,1,1,1,0,1.22,6,15,1.2,6.75,15,1.2,6.5,15,1.22,6.5,16.63,1.2,6.5,15,1.22,6,17,1.25,6.95,17,1.22,6.33,14.99,1.72,2.1,1.78,2.12,1.8,2.27,1.73,2.12,-1.75,2.02,1.91,2,1.91,2.04,1.99,1.98,1.91,1.25,5.75,12,1.26,5.75,12,1.27,5.25,13,1.3,5.73,12.2,1.24,6,13,1.3,5.25,12,1.33,6.19,13.86,1.28,5.57,11.9,1.9,1.9,1.93,1.97,1.98,2.12,1.87,1.94,-1.5,2.03,1.9,2.03,1.9,2.05,2.14,1.97,1.91
E0,Leeds,Sheffield United,G Scott,23,9,8,1,12,13,5,7,1,2,0,0,1.5,4.33,6.5,1.53,4.4,5.75,1.47,4.4,7,1.53,4.56,6.51,1.52,4.2,6.5,1.5,4.2,7,1.56,4.6,7,1.52,4.4,6.36,1.8,2,1.85,2.07,1.86,2.09,1.81,2.02,-1,1.92,2.01,1.92,2.01,1.95,2.02,1.89,1.99,1.53,4.2,6,1.53,4.33,6,1.5,4.2,7,1.6,4.17,6.25,1.52,4.2,6.5,1.53,4.1,7,1.61,4.4,7,1.56,4.17,6.2,1.9,1.9,1.93,1.97,1.95,2.07,1.88,1.94,-1,2.04,1.89,2.06,1.87,2.06,1.95,1.98,1.9
E0,Leicester,Man City,A Taylor,5,11,2,4,13,12,1,1,2,3,0,0,6,4.2,1.53,6.25,4.1,1.55,6.75,3.85,1.57,6.24,4.12,1.61,6.5,4,1.55,6,4,1.57,6.75,4.33,1.63,6.16,4.07,1.57,1.9,1.9,1.97,1.93,2,2.06,1.91,1.92,1,1.88,2.05,1.88,2.05,1.95,2.07,1.87,2.01,5.25,4.1,1.61,5.25,3.9,1.65,5.75,3.7,1.65,5.2,3.86,1.75,5.5,4,1.62,5.25,3.8,1.7,5.84,4.19,1.75,5.25,3.88,1.68,1.9,1.9,1.98,1.92,2.02,2.05,1.91,1.91,0.75,1.96,1.97,1.96,1.96,2.08,1.99,1.99,1.9
E0,Arsenal,Liverpool,S Attwell,3,16,2,7,10,10,1,2,1,1,0,0,3.1,3.7,2.15,3.1,3.6,2.2,3.1,3.5,2.25,3.18,3.66,2.3,3.1,3.5,2.25,3.13,3.5,2.25,3.26,3.7,2.35,3.13,3.56,2.26,1.72,2.1,1.81,2.11,1.87,2.14,1.78,2.06,0.25,1.92,2.01,1.93,1.99,1.95,2.02,1.91,1.97,2.75,3.6,2.4,2.8,3.6,2.4,2.8,3.55,2.4,2.94,3.69,2.43,2.88,3.5,2.4,2.88,3.6,2.4,3,3.85,2.51,2.84,3.58,2.42,1.72,2.1,1.75,2.18,1.79,2.28,1.72,2.13,0.25,1.82,2.11,1.83,2.11,1.86,2.16,1.8,2.1
E0,Southampton,Burnley,A Marriner,24,7,9,5,11,10,6,7,0,0,0,0,2.05,3.3,3.8,2.05,3.4,3.75,2.1,3.25,3.8,2.11,3.36,3.97,2.1,3.2,3.8,2.05,3.3,3.9,2.17,3.43,3.97,2.1,3.29,3.78,2.1,1.72,2.18,1.75,2.24,1.76,2.14,1.71,-0.25,1.75,2.05,1.79,2.14,1.86,2.14,1.8,2.08,1.95,3.3,4.2,2,3.4,3.9,2,3.35,4,2.03,3.45,4.16,2,3.4,3.9,2,3.4,4.1,2.08,3.59,4.33,2.01,3.37,4.04,2.1,1.72,2.15,1.78,2.2,1.83,2.11,1.73,-0.5,2.03,1.9,2.03,1.9,2.04,1.93,2.02,1.87
E0,Newcastle,Tottenham,C Pawson,22,11,6,5,13,14,7,3,3,2,0,0,5.5,4,1.6,5.5,4.1,1.6,5.5,3.95,1.63,5.66,4.17,1.65,5.8,3.9,1.62,5.75,3.9,1.62,5.9,4.27,1.66,5.56,4.03,1.62,1.9,1.9,1.94,1.96,1.95,2.02,1.88,1.94,1,1.73,2.08,1.8,2.13,1.84,2.16,1.79,2.09,5.5,3.8,1.65,5.25,3.8,1.67,5.25,3.8,1.7,5.62,3.95,1.68,5.5,3.75,1.65,5.75,3.8,1.67,6.16,4,1.75,5.37,3.83,1.68,1.9,1.9,1.97,1.93,2.01,2.05,1.94,1.89,0.75,2.05,1.88,2.05,1.88,2.16,1.96,2.02,1.87
E0,Aston Villa,Fulham,A Madley,14,15,4,7,14,20,4,4,1,2,0,0,2.25,3.3,3.3,2.25,3.3,3.3,2.3,3.25,3.3,2.32,3.36,3.4,2.3,3.25,3.3,2.25,3.2,3.4,2.33,3.41,3.46,2.28,3.29,3.32,2.2,1.66,2.3,1.68,2.3,1.75,2.2,1.68,-0.25,2,1.93,1.98,1.94,2,1.96,1.96,1.92,2.55,3.1,2.9,2.5,3.2,2.95,2.5,3.2,2.95,2.6,3.28,3.02,2.45,3.1,3.1,2.55,3.25,2.9,2.65,3.32,3.2,2.53,3.19,2.99,2.1,1.72,2.13,1.79,2.23,1.83,2.14,1.71,-0.25,2.1,1.7,2.2,1.76,2.21,1.83,2.15,1.76
E0,Man United,Brighton,M Dean,15,5,7,3,14,7,5,6,2,2,0,0,1.61,4,5.5,1.62,4,5.5,1.65,3.9,5.25,1.67,4.04,5.59,1.65,3.9,5.25,1.65,3.8,5.5,1.7,4.21,5.75,1.64,3.97,5.39,1.9,1.9,1.99,1.92,2,2.02,1.92,1.9,-0.75,1.87,2.06,1.88,2.05,1.89,2.09,1.84,2.05,1.66,3.75,5.25,1.65,4,5.25,1.65,3.9,5.25,1.67,4.06,5.6,1.65,3.75,5.5,1.67,4,5.25,1.7,4.06,5.85,1.66,3.91,5.39,1.91,1.99,1.93,1.98,1.96,2.05,1.88,1.93,-0.75,1.88,2.05,1.88,2.06,1.9,2.17,1.84,2.06
E0,Everton,Crystal Palace,K Friend,15,13,7,6,10,10,3,4,2,0,0,0,1.75,3.5,5,1.83,3.4,4.75,1.8,3.45,4.9,1.84,3.54,5.07,1.8,3.4,5,1.8,3.4,5,1.86,3.6,5.2,1.8,3.46,4.91,2.3,1.61,2.35,1.66,2.4,1.67,2.31,1.62,-0.5,1.84,2.09,1.84,2.1,1.85,2.13,1.81,2.07,1.8,3.5,4.75,1.8,3.4,5,1.85,3.45,4.5,1.89,3.47,4.8,1.83,3.3,5,1.85,3.5,4.6,1.9,3.84,5.3,1.84,3.46,4.72,2,1.8,2.12,1.79,2.21,1.83,2.1,1.74,-0.5,1.9,2.03,1.89,2.03,1.91,2.08,1.86,2.03
E0,Wolves,West Ham,M Oliver,20,9,5,6,9,9,4,2,1,4,0,0,2.87,3.2,2.55,2.95,3.2,2.5,2.95,3.1,2.6,2.99,3.21,2.66,3,3.1,2.55,3,3,2.6,3.02,3.25,2.67,2.95,3.13,2.58,2.5,1.53,2.5,1.59,2.5,1.64,2.4,1.58,0,2.1,1.83,2.09,1.85,2.13,1.85,2.07,1.81,2.9,3.1,2.6,2.9,3.1,2.6,2.85,3.1,2.65,2.91,3.2,2.74,2.8,3.2,2.6,2.9,3.2,2.63,3.05,3.4,2.75,2.89,3.16,2.63,2.3,1.61,2.32,1.67,2.35,1.71,2.26,1.64,0,2.03,1.9,2.02,1.9,2.08,2.01,2.01,1.87
E0,Fulham,Wolves,J Moss,14,7,3,3,11,8,3,4,0,0,0,0,2.5,3,3.1,2.55,3,3.1,2.55,3,3.1,2.6,3.07,3.22,2.5,3.1,3.1,2.55,3,3.2,2.65,3.13,3.26,2.57,3.01,3.14,2.5,1.53,2.69,1.52,2.7,1.55,2.61,1.5,-0.25,2.16,1.78,2.19,1.78,2.19,1.8,2.16,1.76,2.5,3.1,3,2.55,3.1,3,2.65,3,2.95,2.75,3.13,2.96,2.62,3,3,2.7,3.1,2.9,2.78,3.42,3.04,2.64,3.09,2.94,2.5,1.53,2.49,1.59,2.52,1.64,2.42,1.57,0,1.88,2.05,1.89,2.04,1.89,2.09,1.85,2.03
E0,Man City,Leeds,A Marriner,29,2,7,2,12,15,9,3,3,1,0,1,1.28,5.75,10,1.28,6,10,1.33,6,8,1.31,5.97,10.38,1.27,6.5,9,1.3,5.75,10.5,1.33,6.5,10.61,1.3,5.92,9.56,1.44,2.75,1.49,2.77,1.52,2.8,1.47,2.69,-1.5,1.92,2.01,1.92,2,1.92,2.06,1.88,1.99,1.36,5.25,7.5,1.4,5.25,7,1.4,5.25,7.25,1.39,5.32,8.5,1.4,4.8,8,1.36,5.25,8.5,1.42,5.61,8.64,1.38,5.24,7.9,1.57,2.37,1.58,2.52,1.62,2.56,1.55,2.45,-1.5,2.05,1.75,2.12,1.81,2.17,1.93,2.08,1.8
E0,Liverpool,Aston Villa,P Tierney,23,9,10,5,16,11,7,0,2,4,0,0,1.5,4.33,6.5,1.53,4.33,6,1.53,4.5,6,1.53,4.6,6.49,1.5,4.4,6.5,1.5,4.33,6.5,1.56,4.75,6.85,1.52,4.51,6.22,1.61,2.3,1.64,2.39,1.69,2.43,1.62,2.33,-1,1.87,2.06,1.87,2.06,1.89,2.07,1.85,2.03,1.45,4.75,6.5,1.48,4.75,6.25,1.5,4.5,6.5,1.46,4.79,7.53,1.47,4.4,7,1.45,4.6,7.5,1.52,5,8.5,1.46,4.67,6.96,1.66,2.2,1.74,2.21,1.75,2.37,1.68,2.22,-1.25,2.03,1.9,2.02,1.9,2.09,2.01,2.02,1.87
E0,Crystal Palace,Chelsea,M Oliver,1,23,1,10,7,12,0,8,1,0,0,0,7,3.8,1.53,7.25,3.75,1.55,6.75,4,1.53,7.31,4.12,1.55,6.5,4.2,1.52,7,3.9,1.53,7.5,4.2,1.57,6.95,3.98,1.54,2.1,1.72,2.14,1.78,2.16,1.86,2.08,1.76,1,1.96,1.97,1.94,1.98,1.96,1.99,1.92,1.96,7.5,4.33,1.45,7,4.2,1.5,7,4.2,1.5,7.75,4.23,1.52,7.5,4.2,1.47,8,4.2,1.5,8.43,4.43,1.55,7.34,4.2,1.5,2,1.8,2.02,1.89,2.05,1.91,1.99,1.84,1,2.08,1.85,2.07,1.87,2.19,1.92,2.04,1.85
E0,Burnley,Newcastle,A Taylor,24,10,4,5,11,12,13,3,1,0,0,0,2.3,3.1,3.4,2.3,3.1,3.4,2.35,3.1,3.35,2.41,3.18,3.43,2.35,3.1,3.3,2.3,3.1,3.4,2.43,3.25,3.75,2.34,3.12,3.39,2.5,1.53,2.42,1.62,2.5,1.63,2.39,1.59,-0.25,2.01,1.92,2.04,1.89,2.04,1.94,1.99,1.89,2.25,3.3,3.25,2.3,3.2,3.3,2.25,3.35,3.25,2.27,3.44,3.43,2.25,3.2,3.4,2.25,3.4,3.3,2.34,3.45,3.54,2.27,3.34,3.31,1.9,1.9,2.01,1.89,2.09,2.05,1.96,1.87,-0.25,1.95,1.98,1.95,1.97,2,2,1.95,1.93
E0,West Ham,Leicester,M Dean,4,15,4,5,7,13,1,9,3,3,0,0,3,3.3,2.37,3,3.3,2.4,3,3.35,2.4,3.11,3.47,2.42,3,3.3,2.45,3,3.3,2.45,3.15,3.54,2.5,3.01,3.38,2.41,1.9,1.9,1.99,1.92,2.03,1.93,1.96,1.87,0.25,1.83,2.1,1.85,2.08,1.86,2.16,1.81,2.09,3.1,3.3,2.3,3.3,3.1,2.35,3.15,3.15,2.4,3.25,3.31,2.42,3.1,3.3,2.35,3.13,3.2,2.45,3.3,3.39,2.49,3.18,3.23,2.39,2.2,1.66,2.24,1.71,2.26,1.8,2.17,1.7,0.25,1.84,2.09,1.86,2.07,1.88,2.13,1.84,2.06
E0,Tottenham,Man United,C Kavanagh,12,12,3,7,11,15,7,5,1,5,0,0,2.87,3.4,2.45,2.9,3.4,2.45,2.85,3.4,2.5,2.9,3.49,2.56,2.88,3.4,2.45,2.88,3.4,2.45,2.98,3.65,2.59,2.87,3.44,2.49,1.9,1.9,1.88,2.02,1.95,2.05,1.86,1.96,0,2.08,1.85,2.09,1.85,2.14,1.88,2.08,1.82,2.9,3.5,2.37,2.95,3.5,2.35,2.95,3.4,2.35,3.02,3.6,2.42,2.88,3.6,2.35,3,3.4,2.4,3.16,3.88,2.6,2.94,3.52,2.4,1.9,1.9,1.93,1.98,1.95,2.07,1.86,1.97,0.25,1.83,2.1,1.85,2.09,1.85,2.14,1.82,2.08
E0,Sheffield United,Arsenal,P Bankes,7,14,2,5,9,6,2,4,1,1,0,0,6.5,3.75,1.57,6,4,1.57,6.25,4.1,1.55,6.16,4.03,1.63,6.5,3.8,1.57,6.5,3.9,1.57,6.5,4.1,1.63,6.15,3.97,1.59,2,1.8,2.05,1.87,2.08,1.89,2.01,1.82,1,1.86,2.07,1.84,2.1,1.88,2.13,1.83,2.05,5.5,3.6,1.66,5.5,3.8,1.65,5.5,3.85,1.65,5.58,4.05,1.67,6,3.8,1.6,5.75,3.9,1.65,6.14,4.07,1.7,5.52,3.89,1.66,1.9,1.9,1.96,1.94,2.02,2.07,1.92,1.91,0.75,2.08,1.85,2.07,1.86,2.12,1.89,2.05,1.84
E0,West Brom,Southampton,S Hooper,15,14,6,4,12,11,5,10,0,1,0,0,3.6,3.3,2.1,3.6,3.1,2.2,3.5,3.25,2.2,3.69,3.34,2.21,3.5,3.2,2.2,3.4,3.3,2.2,3.7,3.58,2.24,3.55,3.28,2.19,2,1.8,2.08,1.83,2.12,1.86,2.03,1.8,0.25,2.02,1.91,2.04,1.88,2.04,1.94,2,1.88,3.6,3.6,2,3.75,3.5,2,3.4,3.55,2.1,3.69,3.65,2.09,3.5,3.5,2.1,3.6,3.6,2.05,3.75,3.69,2.16,3.57,3.56,2.08,1.8,2,1.82,2.08,1.87,2.17,1.8,2.03,0.25,2.05,1.75,2.13,1.81,2.16,1.86,2.09,1.81
E0,Brighton,Everton,D England,23,8,3,1,12,7,10,3,1,2,0,0,2.25,3.3,3.3,2.25,3.3,3.3,2.3,3.2,3.3,2.33,3.29,3.45,2.3,3.2,3.3,2.3,3.2,3.3,2.47,3.42,3.48,2.3,3.26,3.31,2.2,1.66,2.26,1.7,2.28,1.75,2.21,1.68,-0.25,1.98,1.95,1.99,1.93,2.02,1.97,1.96,1.92,2.1,3.4,3.5,2.1,3.4,3.6,2.3,3.4,3.1,2.15,3.51,3.67,2.1,3.5,3.5,2.15,3.3,3.7,2.3,3.78,3.7,2.15,3.45,3.52,2.1,1.72,2.16,1.76,2.22,1.84,2.1,1.75,-0.25,1.85,2.08,1.85,2.08,1.87,2.11,1.84,2.06
E0,Everton,Tottenham,M Oliver,18,12,7,3,8,8,6,3,1,1,0,0,3.4,3.5,2.1,3.4,3.4,2.15,3.35,3.45,2.15,3.46,3.56,2.21,3.4,3.3,2.2,3.5,3.5,2.15,3.6,3.6,2.24,3.42,3.47,2.17,1.9,1.9,1.88,2.02,1.95,2.04,1.87,1.96,0.25,2.03,1.9,2.02,1.91,2.06,1.91,2.01,1.88,3.4,3.5,2.1,3.5,3.5,2.1,3.4,3.4,2.15,3.59,3.46,2.2,3.4,3.4,2.15,3.5,3.5,2.15,3.82,3.59,2.24,3.5,3.45,2.15,2,1.8,2.09,1.83,2.09,1.97,1.97,1.86,0.25,2.04,1.89,2.04,1.88,2.17,1.91,2.04,1.86
E0,Newcastle,West Ham,K Friend,16,16,8,6,9,7,3,8,2,0,0,1,3.5,3.5,2.05,3.6,3.5,2.05,3.6,3.4,2.1,3.73,3.47,2.14,3.75,3.5,2,3.6,3.4,2.1,3.97,3.56,2.15,3.65,3.45,2.08,1.9,1.9,1.92,1.99,1.97,2,1.89,1.94,0.5,1.75,2.05,1.8,2.13,1.87,2.13,1.8,2.08,3.4,3.4,2.15,3.4,3.4,2.15,3.4,3.35,2.2,3.48,3.5,2.22,3.4,3.5,2.15,3.5,3.4,2.15,3.73,3.5,2.27,3.43,3.39,2.2,1.9,1.9,2.01,1.9,2.05,2,1.94,1.88,0.25,2.01,1.92,2.01,1.92,2.15,1.96,2,1.89
E0,Wolves,Sheffield United,R Jones,10,8,5,2,8,15,3,3,1,2,0,0,1.66,3.5,5.75,1.67,3.6,5.75,1.67,3.6,5.75,1.72,3.6,5.99,1.67,3.6,5.8,1.67,3.5,6,1.74,3.72,6.15,1.69,3.55,5.81,2.3,1.61,2.39,1.64,2.42,1.67,2.33,1.61,-0.75,1.96,1.97,1.96,1.96,1.97,1.99,1.93,1.96,1.72,3.4,5.25,1.8,3.4,5,1.75,3.5,5.25,1.81,3.52,5.31,1.75,3.4,5.5,1.8,3.4,5.25,1.84,3.57,5.89,1.79,3.44,5.24,2.3,1.61,2.36,1.65,2.42,1.7,2.3,1.63,-0.75,2,1.8,2.1,1.84,2.12,1.93,2.05,1.84
E0,Arsenal,Fulham,C Pawson,18,3,5,1,9,11,11,1,0,3,0,0,1.7,3.8,4.8,1.72,3.7,5,1.75,3.65,4.8,1.79,3.75,5.03,1.75,3.6,5,1.73,3.6,5.25,1.8,3.85,5.25,1.75,3.72,4.91,2,1.8,2.08,1.84,2.19,1.85,2.04,1.79,-0.75,2.02,1.91,2.05,1.88,2.06,1.95,1.99,1.9,1.8,3.75,4.33,1.83,3.6,4.5,1.8,3.7,4.4,1.9,3.7,4.38,1.78,3.6,4.75,1.85,3.6,4.5,1.91,3.83,4.87,1.84,3.66,4.43,1.9,1.9,2.02,1.88,2.04,2.05,1.95,1.87,-0.5,1.89,2.04,1.9,2.02,1.91,2.08,1.86,2.03
E0,Man United,Burnley,J Moss,17,10,9,3,9,12,8,3,1,2,0,0,1.33,5.25,9,1.34,5,9.5,1.37,4.9,8.25,1.38,5.09,9.52,1.35,4.8,9.5,1.33,5,10,1.4,5.5,10.5,1.36,5.05,9.25,1.72,2.1,1.79,2.12,1.8,2.19,1.76,2.09,-1.5,2.08,1.73,2.19,1.76,2.19,1.87,2.08,1.81,1.33,5.25,9,1.36,5.25,8.25,1.35,5.25,8.25,1.39,5.23,8.59,1.36,5,8.5,1.36,5,9.5,1.39,5.4,10.1,1.36,5.17,8.77,1.66,2.2,1.68,2.31,1.7,2.37,1.64,2.27,-1.25,1.87,2.06,1.88,2.04,1.88,2.19,1.82,2.08
E0,Leeds,Liverpool,A Taylor,12,17,5,7,17,15,10,8,2,1,0,0,4.5,4.33,1.66,4.5,4.33,1.67,4.7,4.2,1.67,4.85,4.36,1.7,4.75,4.2,1.67,4.8,4.2,1.65,4.9,4.48,1.73,4.7,4.26,1.68,1.53,2.5,1.56,2.56,1.58,2.6,1.52,2.53,0.75,2.05,1.88,2.05,1.88,2.06,1.89,2.03,1.85,5,4.5,1.6,5,4.5,1.6,5.25,4.4,1.6,5.44,4.47,1.62,5,4.33,1.62,5.25,4.5,1.6,5.5,4.65,1.65,5.19,4.46,1.6,1.53,2.5,1.56,2.58,1.57,2.72,1.52,2.54,1,1.92,2.01,1.93,2,2.02,2.05,1.9,1.98
E0,Chelsea,Brighton,S Attwell,7,11,4,2,8,9,0,3,2,0,0,1,1.57,4,6,1.57,3.9,6.5,1.6,3.8,6,1.63,3.85,6.66,1.57,3.8,6.5,1.6,3.8,6.5,1.67,4,6.66,1.61,3.85,6.26,2.2,1.66,2.23,1.72,2.26,1.8,2.16,1.71,-0.75,1.8,2.1,1.83,2.12,1.84,2.13,1.8,2.11,1.66,3.6,5.5,1.67,3.7,5.5,1.65,3.65,5.75,1.69,3.74,6.02,1.62,3.8,5.8,1.73,3.6,5.5,1.74,3.85,6.29,1.68,3.72,5.72,2.3,1.61,2.35,1.65,2.36,1.75,2.25,1.66,-0.75,1.91,1.99,1.92,2.01,1.98,2.07,1.9,1.99
E0,Tottenham,Southampton,D Coote,12,10,3,5,10,14,5,5,2,1,0,0,1.75,3.8,4.5,1.8,3.8,4.33,1.8,3.8,4.3,1.83,3.86,4.56,1.8,3.7,4.5,1.8,3.75,4.4,1.86,4.04,4.7,1.8,3.79,4.42,1.72,2.1,1.79,2.13,1.82,2.2,1.75,2.1,-0.75,2.06,1.84,2.07,1.86,2.1,1.87,2.05,1.84,1.8,3.9,4.2,1.87,3.7,4.1,1.85,3.8,4,1.86,3.9,4.33,1.83,3.7,4.2,1.87,3.75,4.2,1.92,3.97,4.6,1.86,3.81,4.18,1.72,2.1,1.75,2.19,1.8,2.26,1.73,2.13,-0.5,1.88,2.05,1.86,2.07,1.9,2.08,1.86,2.03
E0,Aston Villa,Man City,P Bankes,8,13,3,3,12,7,1,11,0,1,1,1,9,4.75,1.36,8,4.75,1.4,8.25,5,1.37,8.85,5.02,1.4,9,4.8,1.36,9,5,1.36,9.7,5.15,1.42,8.68,4.88,1.38,1.66,2.2,1.7,2.26,1.77,2.28,1.68,2.21,1.25,2.06,1.84,2.09,1.83,2.11,1.89,2.05,1.84,10,5.25,1.3,8.5,5.25,1.34,9.5,5.25,1.33,9.64,5.47,1.34,9.5,5,1.35,11,5.25,1.33,11,5.61,1.38,9.77,5.28,1.33,1.72,2.1,1.74,2.2,1.81,2.26,1.72,2.14,1.5,1.92,2.01,1.93,2,2.01,2.06,1.9,1.99
E0,Leicester,West Brom,A Madley,17,4,7,1,13,12,7,3,0,2,0,0,1.53,3.8,6,1.55,4.2,6,1.6,4,5.75,1.6,4.17,6.22,1.57,4,6,1.57,4,6,1.63,4.24,6.25,1.59,4.08,5.94,1.9,1.9,1.96,1.94,2,1.95,1.93,1.9,-1,2.06,1.84,2.07,1.86,2.08,1.87,2.05,1.84,1.61,3.8,5.75,1.62,4,5.5,1.65,3.85,5.5,1.64,4.04,5.96,1.6,3.9,5.8,1.65,4,5.5,1.67,4.09,6.33,1.64,3.93,5.62,1.8,2,1.86,2.05,1.92,2.15,1.83,2,-0.75,1.85,2.08,1.83,2.11,1.86,2.15,1.83,2.07
E0,Arsenal,Everton,J Moss,14,8,3,1,13,10,7,3,1,3,0,0,2,3.5,3.75,2.05,3.5,3.6,2,3.45,3.85,2.08,3.52,3.88,2.05,3.4,3.75,2.05,3.4,3.8,2.13,3.6,3.96,2.06,3.46,3.77,2,1.8,2.05,1.86,2.1,1.93,2,1.84,-0.5,2.07,1.86,2.08,1.85,2.12,1.87,2.06,1.83,1.95,3.5,3.9,2,3.5,3.75,2,3.5,3.75,2.06,3.62,3.81,2,3.5,3.8,2,3.5,3.9,2.1,3.74,3.99,2.03,3.55,3.76,1.95,1.95,1.95,1.95,2.05,2.03,1.93,1.9,-0.5,2.06,1.87,2.06,1.87,2.07,1.89,2.03,1.86
E0,Liverpool,Newcastle,A Marriner,22,7,9,4,9,7,6,3,2,1,0,0,1.22,6.5,12,1.25,6.25,11.5,1.25,6.5,12,1.26,6.53,12.17,1.24,6,13,1.25,6,13,1.28,6.75,13.5,1.24,6.38,12.06,1.53,2.5,1.53,2.62,1.61,2.63,1.54,2.5,-1.75,1.89,2.01,1.89,2.01,2,2.04,1.9,1.98,1.18,7.5,13,1.22,6.75,12,1.22,7,12,1.22,7.14,12.64,1.22,6.5,13,1.2,7.5,15,1.25,8,15,1.22,7.17,12.58,1.33,3.4,1.33,3.46,1.46,3.46,1.37,3.14,-2,2.02,1.91,2.01,1.9,2.14,2.01,1.98,1.89
E0,West Ham,Chelsea,C Kavanagh,9,17,2,6,9,11,4,2,0,4,1,0,4.75,3.6,1.75,4.75,3.8,1.75,4.7,3.75,1.75,4.91,3.88,1.78,4.75,3.6,1.78,5,3.6,1.75,5,3.9,1.86,4.74,3.75,1.77,2,1.8,2.04,1.87,2.06,1.89,2,1.84,0.75,1.89,2.01,1.92,2.01,1.93,2.07,1.87,2,5.25,3.9,1.65,5.25,3.9,1.65,5.5,3.8,1.65,5.09,3.97,1.72,5.25,3.8,1.67,5.75,3.9,1.65,5.75,4.28,1.73,5.25,3.93,1.68,1.9,1.9,2.02,1.88,2.07,2.07,1.94,1.88,0.75,1.99,1.94,1.98,1.94,2.08,1.95,1.99,1.9
E0,Sheffield United,Brighton,K Friend,7,17,3,4,13,7,2,12,3,0,0,0,5.25,3.4,1.75,5.25,3.6,1.72,5.5,3.6,1.7,5.54,3.67,1.75,5.5,3.4,1.73,5.5,3.5,1.73,5.6,3.77,1.8,5.33,3.56,1.74,2.37,1.57,2.45,1.61,2.46,1.67,2.35,1.6,0.75,1.91,1.99,1.93,1.99,1.94,2.02,1.9,1.98,6,4,1.57,6,4,1.57,6.25,3.95,1.57,6.43,3.94,1.61,6.5,3.8,1.57,6.5,3.9,1.6,6.7,4.1,1.62,6.31,3.96,1.59,2.2,1.66,2.23,1.72,2.24,1.84,2.16,1.71,1,1.82,2.11,1.83,2.12,1.87,2.13,1.83,2.05
E0,Wolves,Burnley,D England,12,14,2,7,8,9,8,5,1,2,0,0,2,3.4,3.9,2,3.4,3.9,2.1,3.25,3.85,2.12,3.32,3.99,2.05,3.3,3.8,2.05,3.2,4,2.15,3.46,4.05,2.07,3.31,3.88,2.3,1.61,2.35,1.65,2.42,1.69,2.31,1.62,-0.5,2.08,1.82,2.12,1.82,2.14,1.87,2.08,1.82,2.3,3.1,3.4,2.25,3.1,3.5,2.35,3.05,3.35,2.44,3.06,3.5,2.2,3.2,3.6,2.38,3.1,3.4,2.46,3.4,3.65,2.35,3.09,3.42,2.5,1.53,2.58,1.56,2.58,1.61,2.43,1.57,-0.25,2.05,1.88,2.05,1.88,2.08,1.98,2.02,1.87
E0,Leeds,Man United,C Pawson,6,16,3,4,21,11,2,6,4,1,0,0,4,4.2,1.75,4.1,4,1.8,4,4.1,1.8,4.17,4.2,1.83,4,4,1.8,4.1,3.9,1.8,4.3,4.25,1.92,4.05,4.05,1.82,1.57,2.37,1.58,2.52,1.65,2.52,1.59,2.4,0.75,1.83,2.07,1.86,2.08,1.87,2.13,1.83,2.05,4.2,4,1.75,4.25,3.9,1.8,4.3,3.85,1.8,4.42,3.98,1.83,4.33,3.9,1.78,4.5,3.8,1.8,4.65,4.11,1.85,4.35,3.91,1.8,1.8,2,1.85,2.06,1.88,2.17,1.79,2.05,0.75,1.84,2.09,1.86,2.07,1.96,2.12,1.86,2.04
E0,Aston Villa,West Brom,S Attwell,24,10,11,4,14,9,11,4,0,2,0,0,1.85,3.6,4.2,1.87,3.6,4.2,1.85,3.65,4.2,1.9,3.8,4.28,1.88,3.6,4.2,1.83,3.6,4.4,1.93,3.82,4.4,1.88,3.67,4.19,1.9,1.9,1.95,1.95,2.06,1.95,1.94,1.88,-0.5,1.87,2.03,1.9,2.03,1.93,2.06,1.88,2.01,2.05,3.5,3.6,2,3.5,3.75,2.1,3.45,3.6,2.1,3.57,3.76,2.05,3.5,3.7,2.05,3.5,3.75,2.22,3.6,3.9,2.08,3.48,3.66,1.95,1.95,1.94,1.96,1.97,2.05,1.91,1.92,-0.25,1.8,2.14,1.81,2.13,1.85,2.14,1.8,2.09
E0,Leicester,Crystal Palace,G Scott,13,4,5,2,13,12,7,2,0,1,0,0,1.4,4.33,8.5,1.45,4.4,7.5,1.47,4.3,7,1.48,4.36,8.24,1.47,4.2,8,1.45,4.2,8,1.5,4.46,8.5,1.47,4.26,7.71,2,1.8,2.09,1.81,2.1,1.85,2.04,1.79,-1,1.85,2.05,1.85,2.09,1.88,2.11,1.82,2.06,1.4,4.75,8,1.42,4.5,8,1.43,4.6,7.5,1.44,4.75,8.25,1.42,4.5,8,1.44,4.5,8,1.47,4.84,8.54,1.43,4.64,7.95,1.72,2.1,1.78,2.15,1.84,2.28,1.76,2.09,-1.25,2.07,1.86,2.07,1.87,2.09,1.91,2.03,1.86
E0,Southampton,Leicester,R Jones,5,23,3,9,9,13,0,10,1,0,1,0,3.8,3.8,1.9,3.8,3.75,1.91,3.85,3.7,1.9,3.87,3.92,1.96,3.6,3.7,2,4,3.6,1.95,4,3.96,2,3.82,3.81,1.94,1.9,1.9,1.91,2,1.95,2.03,1.86,1.97,0.5,1.96,1.97,1.96,1.96,1.97,2,1.93,1.95,4,3.8,1.85,4,3.8,1.85,4,3.65,1.9,4.21,3.81,1.91,4.2,3.75,1.83,4.33,3.5,1.9,4.4,3.88,1.94,4.11,3.75,1.89,2,1.8,2.05,1.86,2.06,2.07,1.98,1.86,0.5,2.02,1.91,2.02,1.91,2.06,1.96,1.98,1.91
E0,Crystal Palace,Man City,D Coote,9,20,4,3,9,10,2,6,2,0,0,0,10,5,1.33,10,5,1.33,9.5,5.25,1.33,10.77,5.18,1.35,11,5,1.32,11,5.25,1.3,11,5.5,1.38,10.1,5.14,1.34,1.72,2.1,1.75,2.19,1.78,2.27,1.72,2.15,1.5,1.92,2.01,1.93,2,1.95,2.04,1.89,2,9.5,5.5,1.3,10,5,1.33,8.25,5.25,1.37,9.44,5.58,1.34,11,5,1.32,11.5,5.5,1.3,11.5,5.8,1.37,9.74,5.43,1.33,1.66,2.2,1.68,2.3,1.74,2.36,1.66,2.25,1.5,1.91,2.02,1.93,2,2.03,2.05,1.9,1.98
E0,Brighton,Leeds,C Kavanagh,17,11,5,2,17,6,2,9,1,1,0,0,2.05,3.5,3.5,2.15,3.4,3.4,2.1,3.45,3.5,2.19,3.52,3.54,2.15,3.4,3.4,2.1,3.4,3.5,2.24,3.55,3.59,2.16,3.45,3.43,1.9,1.9,1.96,1.94,1.98,1.98,1.91,1.92,-0.25,1.85,2.08,1.89,2.04,1.92,2.11,1.87,2.02,2.05,3.5,3.6,2,3.5,3.75,2.05,3.5,3.7,2.09,3.54,3.82,2.05,3.6,3.6,2.05,3.4,3.8,2.14,3.84,3.82,2.08,3.5,3.69,2,1.8,2.04,1.88,2.05,1.94,1.98,1.85,-0.25,1.75,2.05,1.79,2.14,1.85,2.14,1.79,2.1
E0,Chelsea,Fulham,K Friend,9,10,5,3,15,8,1,8,1,1,0,0,1.44,4.4,7.5,1.45,4.25,8,1.5,4.2,7,1.49,4.36,8,1.47,4.2,7.5,1.45,4.2,8,1.53,4.45,8.05,1.48,4.27,7.59,2,1.8,2.09,1.81,2.17,1.87,2.03,1.8,-1,1.86,2.07,1.87,2.06,1.87,2.1,1.83,2.05,1.44,4.2,8,1.5,4.1,7,1.5,4.2,7,1.49,4.26,8.34,1.47,4.2,8,1.5,4,8,1.53,4.4,9.64,1.49,4.2,7.85,2,1.8,2.12,1.79,2.13,1.91,2.06,1.78,-1,1.86,2.07,1.87,2.07,1.93,2.22,1.84,2.04
E0,Everton,Aston Villa,S Hooper,16,13,3,5,10,13,3,6,0,2,0,0,1.95,3.6,3.8,2,3.7,3.6,1.9,3.5,4.2,2.07,3.7,3.72,2.05,3.5,3.7,2,3.5,3.8,2.09,3.75,4.2,2.02,3.62,3.69,1.94,1.96,1.94,1.96,1.98,1.98,1.91,1.92,-0.5,2.05,1.88,2.07,1.87,2.09,1.9,2.02,1.86,1.9,3.8,3.75,2,3.7,3.6,2,3.6,3.65,1.99,3.84,3.84,1.95,3.7,3.7,1.95,3.6,4,2.05,3.88,4,1.98,3.73,3.77,1.8,2,1.79,2.12,1.92,2.17,1.8,2.03,-0.5,1.98,1.95,1.99,1.93,2.03,1.96,1.99,1.9
E0,Newcastle,Arsenal,M Dean,5,19,1,5,10,9,3,7,2,1,1,0,3.6,3.6,2,3.7,3.6,2,3.5,3.6,2.05,3.75,3.58,2.1,3.7,3.6,2,3.6,3.6,2,3.79,3.74,2.13,3.64,3.57,2.05,1.72,2.1,1.82,2.08,1.84,2.13,1.78,2.06,0.5,1.85,2.08,1.84,2.1,1.87,2.13,1.83,2.06,3.75,3.6,1.95,3.8,3.6,1.95,3.6,3.65,1.97,3.75,3.64,2.08,3.75,3.5,2,3.6,3.7,2.05,4.23,3.74,2.09,3.74,3.63,2.02,1.72,2.1,1.74,2.2,1.8,2.26,1.73,2.14,0.5,1.85,2.08,1.86,2.08,1.89,2.11,1.85,2.03
E0,Tottenham,Sheffield United,A Marriner,20,8,11,1,8,9,6,6,1,1,0,0,1.25,6,12,1.3,5.5,10,1.27,5.5,13,1.29,6.11,11.87,1.29,5.5,11,1.29,5.5,12,1.33,6.3,13,1.29,5.73,11.16,1.72,2.1,1.69,2.28,1.76,2.28,1.69,2.19,-1.5,1.91,2.02,1.91,2.01,1.94,2.03,1.89,1.99,1.3,5.5,9.5,1.33,5.25,9.5,1.3,5.5,11,1.31,5.78,10.51,1.33,5,10,1.33,5.25,10,1.36,5.83,11,1.32,5.46,9.91,1.66,2.2,1.64,2.36,1.71,2.47,1.65,2.27,-1.5,2.01,1.92,1.94,1.96,2.05,2.03,1.97,1.91
E0,West Brom,Wolves,P Tierney,10,20,4,10,17,11,5,6,2,0,0,0,2.9,3.2,2.5,2.9,3.1,2.6,2.9,3.25,2.55,2.97,3.25,2.65,3,3.1,2.55,2.9,3.2,2.55,3,3.3,2.75,2.91,3.19,2.58,2.2,1.66,2.22,1.73,2.29,1.75,2.2,1.69,0,2.07,1.86,2.08,1.85,2.14,1.86,2.06,1.82,2.5,3.1,3,2.55,3.1,3,2.5,3.15,3,2.62,3.13,3.11,2.5,3.2,3,2.45,3.1,3.2,2.7,3.25,3.2,2.55,3.11,3.06,2.5,1.53,2.51,1.59,2.52,1.68,2.39,1.59,0,1.78,2.16,1.81,2.15,1.81,2.2,1.76,2.13
E0,Burnley,West Ham,A Taylor,8,22,3,4,4,8,5,4,2,1,0,0,3.1,3.6,2.2,3.2,3.5,2.2,3.15,3.45,2.25,3.21,3.54,2.33,3.2,3.4,2.25,3.2,3.4,2.25,3.3,3.62,2.4,3.17,3.49,2.26,1.9,1.9,1.95,1.95,1.97,1.97,1.9,1.92,0.25,1.94,1.99,1.91,2.01,1.99,2.01,1.91,1.96,3,3.5,2.3,3.1,3.5,2.25,2.95,3.5,2.35,3.09,3.61,2.38,3,3.4,2.35,3,3.6,2.3,3.21,3.72,2.41,3.02,3.55,2.35,1.72,2.1,1.72,2.22,1.75,2.28,1.71,2.16,0.25,1.87,2.06,1.88,2.06,1.88,2.07,1.85,2.04
E0,Leicester,Newcastle,D England,25,14,9,6,12,9,9,6,1,1,0,0,1.4,4.75,8,1.4,4.75,8,1.4,4.7,8,1.44,4.92,7.87,1.42,4.5,8,1.4,4.8,8.5,1.46,5,8.5,1.42,4.8,7.83,1.72,2.1,1.77,2.16,1.79,2.24,1.73,2.13,-1.25,2.01,1.92,2.03,1.9,2.03,1.96,1.98,1.91,1.36,4.75,8.5,1.4,4.75,8.25,1.4,4.9,7.5,1.41,4.99,8.68,1.38,4.6,9,1.4,5,8,1.42,5.2,9.57,1.4,4.94,8.28,1.72,2.1,1.72,2.22,1.75,2.26,1.7,2.18,-1.25,1.95,1.98,1.94,1.98,1.95,2.07,1.91,1.98
E0,Leeds,Tottenham,M Oliver,16,11,7,3,12,10,8,6,1,2,0,0,3.4,3.8,2,3.5,3.75,2,3.4,3.8,2.05,3.56,3.9,2.06,3.4,3.7,2.05,3.5,3.75,2.05,3.58,3.93,2.11,3.46,3.8,2.04,1.66,2.2,1.64,2.38,1.7,2.38,1.64,2.29,0.5,1.86,2.07,1.87,2.06,1.88,2.09,1.84,2.05,3.9,4,1.83,3.9,3.9,1.85,4,3.9,1.83,4.13,4.06,1.87,4,3.8,1.85,4.2,3.9,1.83,4.33,4.1,1.95,4.03,3.97,1.86,1.66,2.2,1.69,2.28,1.72,2.37,1.66,2.24,0.5,2.08,1.85,2.06,1.87,2.11,1.91,2.03,1.86
E0,Sheffield United,Crystal Palace,S Hooper,7,21,0,8,11,8,5,11,1,1,0,0,3,3.2,2.45,2.85,3.25,2.55,2.95,3.2,2.5,3.02,3.32,2.53,3,3.25,2.45,2.9,3.13,2.6,3.07,3.36,2.6,2.97,3.25,2.52,2.3,1.61,2.32,1.66,2.38,1.68,2.29,1.63,0,2.11,1.82,2.14,1.79,2.16,1.84,2.1,1.79,2.9,3.2,2.5,2.85,3.25,2.55,2.95,3.1,2.55,3.05,3.25,2.55,3,3.25,2.45,3,3.13,2.6,3.07,3.29,2.7,2.96,3.19,2.58,2.3,1.61,2.33,1.65,2.38,1.7,2.28,1.64,0,2.13,1.81,2.14,1.79,2.17,1.88,2.07,1.81
E0,Man City,Chelsea,A Taylor,16,12,4,5,12,10,6,2,2,0,0,0,1.9,3.4,4.2,1.91,3.4,4.25,1.95,3.4,4.2,1.94,3.55,4.38,1.95,3.4,4.2,1.91,3.3,4.4,1.99,3.65,4.4,1.94,3.45,4.26,2.2,1.66,2.29,1.69,2.32,1.75,2.22,1.68,-0.5,1.95,1.98,1.94,1.98,1.96,2,1.93,1.95,2,3.4,3.8,2.05,3.2,4,2.05,3.3,3.95,2.08,3.36,4.09,1.95,3.5,4,2,3.3,4.2,2.15,3.75,4.25,2.04,3.35,4.01,2.2,1.66,2.34,1.66,2.39,1.77,2.26,1.65,-0.5,2.08,1.85,2.08,1.85,2.1,1.9,2.04,1.85
E0,Liverpool,Southampton,K Friend,14,12,6,6,10,6,8,4,0,1,0,0,1.25,6,11,1.28,6,10,1.3,6,9.5,1.29,6.19,10.41,1.29,5.5,11,1.25,6,12,1.32,6.34,12,1.29,5.97,10.14,1.44,2.75,1.46,2.84,1.5,2.87,1.47,2.69,-1.75,2.04,1.89,2.02,1.88,2.11,1.91,2.04,1.85,1.28,5.75,9.5,1.28,6,9.5,1.3,5.75,9.5,1.33,6.09,9.28,1.3,5.5,10,1.3,6,9,1.34,6.3,10.5,1.31,5.93,9.28,1.36,3.2,1.4,3.14,1.43,3.23,1.39,3,-1.5,1.9,2.03,1.91,2.02,1.91,2.16,1.86,2.03
E0,Wolves,Brighton,J Moss,16,5,6,3,12,7,10,5,2,2,0,2,3.3,3.3,2.2,3.25,3.25,2.3,3.35,3.25,2.25,3.41,3.46,2.27,3.4,3.25,2.25,3.5,3.13,2.25,3.5,3.46,2.35,3.35,3.3,2.27,2.3,1.61,2.28,1.69,2.43,1.69,2.34,1.61,0.25,1.95,1.98,1.97,1.95,2,1.99,1.94,1.94,4,3.3,2,3.8,3.3,2.05,4.1,3.3,2,4.23,3.35,2.05,4,3.2,2.05,4.1,3.3,2,4.25,3.44,2.27,3.96,3.3,2.06,2.3,1.61,2.39,1.64,2.5,1.71,2.32,1.62,0.5,1.87,2.06,1.88,2.05,1.89,2.27,1.83,2.06
E0,Aston Villa,Man United,C Kavanagh,11,18,5,7,13,18,5,6,1,1,1,0,4.2,3.8,1.8,4.5,3.9,1.75,4.2,3.8,1.8,4.45,3.86,1.85,4.6,3.8,1.75,4.6,3.8,1.75,4.7,3.9,1.87,4.38,3.81,1.82,1.72,2.1,1.77,2.16,1.82,2.21,1.73,2.13,0.75,1.75,2.05,1.83,2.09,1.9,2.13,1.82,2.06,4.33,4,1.75,4.5,3.9,1.75,4.3,3.9,1.77,4.38,4.07,1.82,4.5,3.75,1.78,4.5,3.9,1.8,4.8,4.08,1.84,4.43,3.94,1.78,1.66,2.2,1.72,2.22,1.81,2.28,1.71,2.16,0.75,1.88,2.05,1.88,2.05,1.92,2.06,1.87,2.02
E0,West Ham,Everton,S Attwell,11,9,0,3,8,10,5,6,2,1,0,0,2.2,3.5,3.2,2.3,3.4,3.1,2.25,3.4,3.25,2.28,3.51,3.35,2.25,3.4,3.2,2.25,3.4,3.25,2.35,3.56,3.36,2.27,3.44,3.22,1.92,1.98,1.93,1.98,2,2.02,1.9,1.92,-0.25,1.97,1.96,1.96,1.96,2.01,1.98,1.96,1.93,2.1,3.5,3.4,2.15,3.5,3.3,2.15,3.5,3.4,2.15,3.62,3.54,2.2,3.3,3.4,2.15,3.5,3.5,2.2,3.86,3.75,2.14,3.53,3.46,1.8,2,1.81,2.1,1.91,2.15,1.84,1.99,-0.25,1.86,2.07,1.86,2.07,1.88,2.09,1.85,2.04
E0,Arsenal,West Brom,P Bankes,15,12,7,1,7,9,6,6,1,2,0,0,1.44,4.5,7,1.45,4.6,7,1.47,4.5,6.5,1.47,4.7,7.6,1.47,4.33,7,1.45,4.4,7.5,1.54,4.75,7.6,1.47,4.53,7.01,1.72,2.1,1.77,2.16,1.83,2.16,1.76,2.09,-1,1.75,2.05,1.78,2.16,1.87,2.19,1.79,2.1,1.44,4.5,6.5,1.5,4.6,6,1.45,4.6,7,1.52,4.41,7.07,1.47,4.6,6.5,1.5,4.33,7,1.54,5.01,7.25,1.5,4.5,6.74,1.8,2,1.81,2.1,1.83,2.2,1.76,2.1,-1,1.86,2.07,1.87,2.06,1.87,2.19,1.82,2.06
E0,Fulham,Burnley,D Coote,21,14,3,5,11,10,8,4,2,0,0,0,2.2,3.4,3.3,2.25,3.3,3.3,2.2,3.4,3.35,2.22,3.56,3.44,2.2,3.3,3.4,2.25,3.25,3.4,2.29,3.56,3.47,2.21,3.41,3.35,2,1.8,2.05,1.86,2.19,1.87,2.04,1.79,-0.25,1.93,2,1.92,2.01,1.96,2.01,1.91,1.97,2.2,3.4,3.4,2.2,3.4,3.3,2.25,3.3,3.3,2.26,3.48,3.43,2.2,3.4,3.3,2.25,3.3,3.4,2.31,3.66,3.45,2.23,3.42,3.35,2,1.8,2.09,1.83,2.13,1.91,2.06,1.79,-0.25,1.95,1.98,1.94,1.98,1.99,1.99,1.93,1.96
E0,Man United,Leicester,C Pawson,4,12,1,3,9,12,3,4,0,0,0,0,2.5,3.4,2.8,2.5,3.3,2.85,2.5,3.3,2.85,2.59,3.42,2.92,2.45,3.25,3,2.5,3.4,2.9,2.64,3.48,3,2.54,3.37,2.88,1.9,1.9,2,1.91,2.05,1.97,1.95,1.88,0,1.83,2.1,1.85,2.09,1.89,2.12,1.82,2.07,3.6,3.5,2.05,3.7,3.6,2,3.45,3.55,2.1,3.94,3.61,2.03,3.6,3.4,2.1,3.9,3.5,2,3.96,3.7,2.22,3.71,3.55,2.05,1.9,1.9,2.02,1.89,2.02,2.07,1.92,1.91,0.5,1.9,2.03,1.89,2.03,1.91,2.1,1.85,2.04
E0,Southampton,Crystal Palace,A Madley,13,11,6,4,20,13,12,8,2,3,0,0,2.05,3.6,3.5,2.1,3.5,3.5,2.15,3.35,3.5,2.11,3.65,3.63,2.1,3.4,3.5,2.05,3.5,3.75,2.15,3.7,3.75,2.1,3.56,3.56,1.9,1.9,1.95,1.95,1.97,1.97,1.93,1.91,-0.25,1.75,2.05,1.82,2.1,1.84,2.17,1.81,2.08,1.85,3.75,4,1.87,3.75,4,1.9,3.55,4.1,1.88,3.87,4.28,1.88,3.6,4,1.9,3.75,4.1,2.01,4.14,4.29,1.88,3.78,4.09,1.8,2,1.85,2.07,1.94,2.17,1.84,2,-0.5,1.89,2.04,1.88,2.05,1.91,2.07,1.88,2
E0,Chelsea,Arsenal,A Marriner,19,5,5,2,7,6,9,1,0,1,0,0,1.65,4,5,1.7,3.8,5,1.73,3.75,4.9,1.75,3.88,5.17,1.73,3.7,5,1.7,3.7,5.25,1.81,4,5.3,1.73,3.8,5.04,2,1.8,2.09,1.81,2.1,1.9,2.04,1.8,-0.75,1.97,1.96,1.99,1.93,2.04,1.99,1.96,1.93,1.9,3.4,4.2,1.91,3.3,4.4,1.95,3.35,4.2,1.99,3.39,4.42,1.91,3.5,4.2,1.95,3.4,4.33,2.02,3.55,4.67,1.95,3.4,4.29,2.2,1.66,2.31,1.68,2.34,1.77,2.22,1.68,-0.5,1.99,1.94,1.99,1.93,2.02,1.96,1.97,1.92
E0,Aston Villa,Everton,M Atkinson,13,15,2,5,9,12,9,1,2,0,0,0,2.7,3.4,2.6,2.65,3.4,2.65,2.8,3.35,2.55,2.82,3.5,2.62,2.62,3.3,2.62,2.7,3.4,2.6,2.82,3.63,2.75,2.72,3.44,2.61,1.86,2.04,1.86,2.05,1.89,2.08,1.84,2,0,2.02,1.91,2.04,1.89,2.04,1.99,1.97,1.9,3,3.3,2.4,3,3.3,2.4,3,3.25,2.45,3.12,3.39,2.47,2.9,3.25,2.45,3.13,3.25,2.45,3.26,3.45,2.62,3.04,3.32,2.45,2,1.8,2.12,1.79,2.16,1.84,2.08,1.76,0.25,1.83,2.1,1.83,2.11,1.92,2.22,1.81,2.1
E0,Man United,Liverpool,A Taylor,18,17,3,8,10,12,6,4,3,0,0,0,3,3.75,2.2,3.1,3.75,2.15,3.1,3.7,2.2,3.12,3.78,2.17,3.2,3.6,2.15,3.2,3.6,2.2,3.3,3.95,2.25,3.15,3.76,2.18,1.72,2.1,1.68,2.21,1.75,2.34,1.69,2.19,0.25,1.97,1.93,1.95,1.9,2.01,1.97,1.97,1.9,2.75,3.75,2.37,2.7,3.75,2.4,2.8,3.6,2.4,2.85,3.77,2.47,2.8,3.5,2.38,2.8,3.6,2.45,2.92,4.11,2.53,2.79,3.72,2.43,1.61,2.3,1.65,2.37,1.7,2.48,1.63,2.31,0.25,1.75,2.05,1.79,2.14,1.82,2.16,1.78,2.11
E0,Newcastle,Man City,K Friend,11,15,5,6,11,10,4,5,2,2,0,0,11,6,1.25,10.5,5.75,1.28,9,5.5,1.33,11.02,5.79,1.29,11,5.5,1.29,11,5.75,1.29,12,6.25,1.34,10.52,5.8,1.3,1.53,2.5,1.55,2.55,1.57,2.61,1.54,2.51,1.5,2.06,1.87,2.06,1.84,2.08,1.91,2.02,1.86,9,5.75,1.3,8.5,6,1.3,7.75,5.75,1.33,8.12,5.89,1.35,11,5.5,1.29,10,5.5,1.33,11,6.2,1.38,8.51,5.76,1.34,1.44,2.75,1.42,2.98,1.5,3,1.43,2.83,1.5,1.99,1.94,1.97,1.93,2.12,1.98,1.97,1.9
E0,Burnley,Leeds,G Scott,16,16,4,6,10,10,6,8,1,1,0,0,3.2,3.75,2.1,3.1,3.5,2.25,3.1,3.6,2.2,3.2,3.72,2.23,3.1,3.5,2.2,3.2,3.6,2.2,3.27,3.75,2.32,3.14,3.64,2.23,1.66,2.2,1.68,2.3,1.72,2.34,1.67,2.24,0.25,1.98,1.95,1.97,1.95,1.98,1.97,1.94,1.94,3.5,3.9,1.95,3.5,3.8,2,3.4,3.75,2.05,3.58,3.87,2.06,3.4,3.6,2.05,3.5,3.75,2.05,3.85,3.99,2.1,3.49,3.8,2.05,1.61,2.3,1.66,2.34,1.67,2.42,1.63,2.31,0.5,1.85,2.08,1.87,2.06,1.87,2.11,1.83,2.06
E0,Southampton,Fulham,C Pawson,11,10,7,3,9,15,6,5,0,1,0,0,2,3.6,3.6,2,3.6,3.7,2,3.55,3.75,2.02,3.61,3.78,2,3.5,3.75,2,3.4,3.9,2.08,3.73,3.94,2.02,3.58,3.73,1.9,1.9,2,1.89,2.1,1.93,1.97,1.86,-0.5,2.04,1.89,2.02,1.88,2.08,1.89,2.02,1.86,1.83,3.8,4,1.9,3.6,4.1,1.85,3.7,4.2,1.87,3.84,4.38,1.83,3.6,4.2,1.85,3.7,4.33,1.97,3.9,4.5,1.87,3.74,4.21,1.8,2,1.86,2.05,1.92,2.15,1.85,1.99,-0.5,1.87,2.06,1.87,2.06,1.92,2.08,1.87,2.01
E0,Brighton,West Ham,A Marriner,10,15,2,3,7,5,3,3,1,1,0,0,2.9,3.6,2.3,2.85,3.6,2.35,2.95,3.4,2.4,3.01,3.57,2.4,2.9,3.3,2.4,3.1,3.25,2.38,3.1,3.7,2.48,2.98,3.49,2.39,2,1.8,2.05,1.86,2.11,1.86,2.02,1.81,0.25,1.84,2.09,1.85,2.08,1.85,2.09,1.82,2.06,3.4,3.6,2.05,3.5,3.5,2.1,3.4,3.5,2.1,3.51,3.61,2.17,3.6,3.4,2.05,3.5,3.5,2.15,3.75,3.7,2.2,3.49,3.55,2.12,1.9,1.9,1.91,2,2.03,2.05,1.88,1.95,0.25,2.03,1.9,2.02,1.91,2.15,1.93,2.05,1.84
E0,Crystal Palace,Aston Villa,D Coote,23,19,8,5,23,13,7,7,3,2,0,0,3,3.6,2.25,3,3.5,2.3,3.05,3.5,2.3,3.14,3.58,2.32,3,3.4,2.3,3.1,3.3,2.38,3.16,3.62,2.45,3.05,3.5,2.33,1.9,1.9,1.95,1.95,2.01,1.95,1.94,1.89,0.25,1.89,2.04,1.92,2.01,1.92,2.07,1.86,2.02,3,3.5,2.3,3.1,3.4,2.3,3.05,3.45,2.3,3.2,3.62,2.31,3.1,3.4,2.25,3.1,3.5,2.3,3.3,3.72,2.36,3.1,3.51,2.3,1.8,2,1.79,2.12,1.87,2.15,1.8,2.04,0.25,1.92,2.01,1.93,2,1.97,2.06,1.89,2
E0,Tottenham,Wolves,M Atkinson,24,15,13,3,8,11,10,3,1,0,0,0,1.5,4.33,6.5,1.5,4.4,6.5,1.55,4.2,6,1.56,4.29,6.38,1.52,4.2,6,1.53,4.1,6.5,1.58,4.45,6.5,1.54,4.28,6.27,1.8,2,1.88,2.04,1.93,2.06,1.85,1.98,-1,1.99,1.94,1.99,1.93,1.99,1.98,1.94,1.93,1.53,4.5,5.75,1.53,4.33,6,1.5,4.5,6.5,1.56,4.63,5.95,1.53,4.2,5.8,1.55,4.4,6,1.58,4.75,6.5,1.54,4.49,5.95,1.66,2.2,1.69,2.27,1.76,2.39,1.69,2.2,-1,1.97,1.96,1.96,1.96,1.99,2.05,1.91,1.96
E0,West Brom,Liverpool,M Dean,10,26,3,6,7,14,9,13,0,0,0,0,12,6.5,1.22,12,7,1.22,15,6.5,1.2,11.65,6.78,1.24,12,6.5,1.22,13,7,1.2,15,7.3,1.27,12.37,6.75,1.23,1.4,3,1.44,2.86,1.46,3,1.43,2.83,2,1.84,2.09,1.83,2.07,1.84,2.14,1.81,2.07,12,7.5,1.2,11,7,1.22,12,7.25,1.2,11.9,7.23,1.23,12,7,1.2,12,7.5,1.22,14.5,7.69,1.25,12.27,7.13,1.22,1.4,3,1.4,3.02,1.43,3.2,1.39,2.99,2,1.87,2.06,1.85,2.04,1.97,2.09,1.87,1.99
E0,Everton,Sheffield United,A Moss,16,10,6,3,8,12,11,4,1,3,0,0,1.36,4.75,8.5,1.4,4.6,8.5,1.4,4.7,8,1.4,4.9,8.69,1.4,4.4,8.5,1.4,4.6,9,1.46,5,9,1.4,4.73,8.34,1.8,2,1.85,2.05,1.92,2.06,1.84,1.98,-1.25,1.97,1.96,1.96,1.94,2,1.96,1.95,1.93,1.33,5.25,9,1.36,5,8.5,1.35,5,9.5,1.35,5.33,9.25,1.36,4.75,8.5,1.36,5,9,1.4,5.5,9.87,1.36,5.1,9.07,1.8,2,1.81,2.08,1.85,2.15,1.8,2.04,-1.5,2.02,1.77,2.1,1.81,2.13,1.91,2.08,1.79
E0,Man United,Fulham,L Mason,13,8,6,5,10,15,6,1,2,3,0,0,1.28,6,9,1.3,5.75,9,1.33,5.5,8.25,1.32,5.81,9.28,1.3,5.5,9,1.3,5.75,9.5,1.35,6.1,10.25,1.32,5.71,9.38,1.57,2.37,1.59,2.48,1.64,2.5,1.59,2.41,-1.5,1.97,1.96,1.93,1.98,1.97,2.01,1.93,1.95,1.28,6,9.5,1.3,5.75,9.75,1.33,5.5,8.25,1.3,5.93,10.85,1.29,5.5,9.5,1.3,5.75,9.5,1.33,6.3,11.29,1.3,5.82,9.97,1.53,2.5,1.57,2.52,1.61,2.6,1.55,2.47,-1.5,1.9,2.03,1.88,2.03,1.91,2.12,1.87,2
E0,Southampton,Leeds,P Bankes,18,15,3,7,10,12,4,5,0,3,0,0,2.55,3.9,2.5,2.7,3.75,2.4,2.55,3.75,2.55,2.6,3.84,2.61,2.62,3.6,2.5,2.63,3.75,2.55,2.72,3.95,2.63,2.6,3.81,2.54,1.5,2.62,1.53,2.67,1.54,2.75,1.5,2.6,0,1.99,1.94,1.96,1.96,1.99,1.99,1.94,1.92,2.6,3.75,2.5,2.6,3.75,2.5,2.65,3.7,2.5,2.71,3.9,2.52,2.6,3.75,2.45,2.63,3.7,2.55,2.74,4.11,2.58,2.65,3.8,2.5,1.57,2.37,1.59,2.5,1.61,2.57,1.56,2.45,0,2.04,1.89,2.03,1.89,2.06,1.91,1.99,1.88
E0,Brighton,Man City,S Attwell,19,8,6,4,13,11,5,3,3,3,0,1,7,4.5,1.45,6.75,4.4,1.48,6.5,4.4,1.5,6.89,4.53,1.49,7,4.2,1.47,7.5,4.5,1.45,7.5,4.7,1.53,6.93,4.49,1.49,1.72,2.1,1.81,2.08,1.85,2.13,1.78,2.07,1,2.1,1.83,2.1,1.82,2.11,1.84,2.08,1.81,7,4.5,1.44,7,4.5,1.45,6.75,4.4,1.47,7.37,4.75,1.46,7.5,4.33,1.44,8,4.6,1.44,8,4.9,1.49,7.26,4.66,1.45,1.72,2.1,1.78,2.12,1.81,2.26,1.76,2.1,1.25,1.86,2.07,1.86,2.05,1.98,2.11,1.87,2.02
E0,Chelsea,Leicester,M Dean,17,7,6,3,15,16,6,5,2,4,0,0,1.7,3.75,5,1.7,3.7,5.25,1.7,3.65,5.25,1.74,3.74,5.36,1.7,3.6,5.25,1.7,3.7,5.5,1.78,3.82,5.6,1.72,3.71,5.37,2.1,1.72,2.19,1.75,2.23,1.8,2.14,1.73,-0.75,1.98,1.95,1.97,1.95,1.99,2,1.94,1.94,1.66,3.75,5.25,1.65,3.9,5.25,1.75,3.7,4.8,1.71,3.88,5.45,1.7,3.75,5,1.7,3.7,5.5,1.76,4.13,5.6,1.7,3.81,5.32,2.1,1.72,2.19,1.75,2.27,1.81,2.13,1.73,-0.75,1.95,1.98,1.94,1.98,1.98,2.07,1.92,1.97
E0,Everton,Wolves,A Madley,14,9,4,3,11,11,7,12,0,2,0,0,1.85,3.6,4.2,1.9,3.7,4,1.9,3.55,4.2,1.9,3.68,4.3,1.88,3.4,4.2,1.85,3.5,4.5,1.96,3.75,4.5,1.89,3.61,4.25,2,1.8,2.1,1.81,2.22,1.81,2.1,1.76,-0.5,1.88,2.05,1.9,2.02,1.91,2.06,1.88,2,1.72,3.75,4.75,1.7,3.8,5,1.8,3.6,4.6,1.85,3.57,4.89,1.75,3.75,4.5,1.8,3.6,4.8,1.89,4.13,5.1,1.79,3.66,4.77,2.1,1.72,2.15,1.78,2.2,1.9,2.05,1.79,-0.75,2.05,1.75,2.14,1.8,2.14,1.89,2.05,1.83
E0,Newcastle,Sheffield United,R Jones,16,11,5,1,7,7,5,2,0,2,0,0,1.72,3.8,4.75,1.75,3.8,4.75,1.73,3.85,4.6,1.75,3.87,4.82,1.73,3.7,4.75,1.73,3.8,4.8,1.79,3.96,5,1.75,3.83,4.75,1.8,2,1.8,2.09,1.94,2.1,1.81,2.03,-0.75,2,1.93,1.97,1.93,2,2,1.97,1.91,1.8,3.75,4.33,1.83,3.8,4.2,1.85,3.7,4.2,1.82,3.82,4.59,1.78,3.6,4.5,1.87,3.75,4.2,1.95,3.94,4.68,1.85,3.75,4.29,1.8,2,1.84,2.06,1.88,2.14,1.78,2.07,-0.5,1.75,2.05,1.81,2.1,1.97,2.13,1.86,2.02
E0,Tottenham,Aston Villa,C Pawson,10,20,4,4,14,13,4,5,1,1,0,0,1.5,4.5,6,1.53,4.5,5.75,1.53,4.7,5.5,1.54,4.77,5.92,1.5,4.4,6,1.5,4.6,6,1.58,4.9,6.2,1.53,4.65,5.85,1.53,2.5,1.52,2.7,1.61,2.7,1.54,2.51,-1,1.87,2.06,1.88,2.05,1.93,2.08,1.85,2.03,1.6,4.5,5,1.55,4.6,5.25,1.6,4.4,5.25,1.64,4.47,5.27,1.55,4.33,5.5,1.62,4.33,5.25,1.68,4.91,5.5,1.62,4.44,5.15,1.57,2.37,1.59,2.49,1.61,2.63,1.56,2.44,-1,2.11,1.82,2.08,1.86,2.16,1.95,2.03,1.85
E0,Crystal Palace,Arsenal,A Taylor,12,6,6,3,7,7,6,7,2,1,0,0,6,4.5,1.5,5.75,4.4,1.55,5.75,4.4,1.55,6.16,4.49,1.55,6.5,4.2,1.5,6.5,4.33,1.5,6.5,4.64,1.58,6.14,4.41,1.53,1.72,2.1,1.75,2.18,1.79,2.21,1.74,2.13,1,2.02,1.91,1.99,1.93,2.03,1.94,1.99,1.88,5.75,4.2,1.55,5.75,4,1.6,5.75,4.1,1.6,5.96,4.09,1.63,5.8,4,1.57,5.75,4.1,1.6,6.5,4.33,1.67,5.92,4.09,1.59,2,1.8,2.07,1.85,2.11,2.01,1.99,1.84,1,1.82,2.11,1.83,2.11,1.93,2.16,1.84,2.04
E0,Burnley,Liverpool,C Kavanagh,10,20,4,3,10,7,6,7,0,0,0,0,11,7,1.22,10.5,6.5,1.25,11,7,1.22,11.1,6.61,1.26,11,6,1.24,11.5,7,1.22,12,7,1.28,10.82,6.67,1.25,1.33,3.4,1.42,2.8,1.4,3.45,1.35,3.23,2,1.75,2.05,1.84,2.08,1.86,2.12,1.81,2.06,9,6,1.28,9.5,6.25,1.28,12,6.5,1.22,9.95,6.52,1.29,9.5,6,1.27,10,6,1.3,12,6.75,1.33,9.9,6.3,1.28,1.36,3.2,1.38,3.19,1.43,3.44,1.38,3.08,1.75,1.96,1.97,1.95,1.95,2.07,2.09,1.93,1.96
E0,West Brom,West Ham,M Oliver,14,21,4,9,8,11,6,8,2,2,0,0,5,4.33,1.6,5.25,4.2,1.62,5.25,4.3,1.6,5.35,4.29,1.63,5.25,4.2,1.6,5.5,4.2,1.6,5.5,4.48,1.67,5.26,4.25,1.62,1.57,2.37,1.63,2.39,1.67,2.43,1.62,2.33,1,1.86,2.07,1.88,2.03,1.89,2.09,1.84,2.04,5,4.2,1.61,5,4.4,1.6,5.25,4.4,1.6,4.91,4.31,1.68,5.5,4,1.6,5,4.33,1.65,5.52,4.5,1.71,5.07,4.28,1.64,1.66,2.2,1.66,2.32,1.68,2.4,1.63,2.29,1,1.73,2.08,1.78,2.14,1.91,2.2,1.82,2.06
E0,Arsenal,Brighton,J Moss,16,5,5,1,10,8,11,3,0,0,0,0,1.57,4.33,5.25,1.62,4.1,5.25,1.6,4.3,5.25,1.63,4.46,5.34,1.62,4.2,5.25,1.62,4.1,5.5,1.67,4.5,5.5,1.62,4.29,5.23,1.72,2.1,1.7,2.27,1.79,2.29,1.71,2.17,-1,2.02,1.77,2.13,1.8,2.14,1.85,2.07,1.8,1.65,4.2,4.75,1.65,4.25,4.75,1.63,4.2,4.9,1.7,4.21,5.05,1.67,4,5,1.7,4,5,1.73,4.35,5.23,1.67,4.19,4.93,1.66,2.2,1.7,2.26,1.74,2.37,1.68,2.22,-0.75,1.85,2.05,1.89,2.03,1.92,2.11,1.86,2.03
E0,Aston Villa,Chelsea,S Attwell,6,23,3,7,11,12,2,9,3,3,0,1,6.5,4.6,1.45,6.5,4.5,1.48,6.75,4.6,1.45,6.75,4.63,1.51,7,4.4,1.47,7,4.6,1.45,7,4.78,1.52,6.62,4.56,1.49,1.66,2.2,1.68,2.29,1.77,2.31,1.68,2.22,1,2.02,1.77,2.1,1.84,2.16,1.84,2.09,1.8,6.5,4.75,1.45,7,4.75,1.44,6.75,4.8,1.43,6.95,5.06,1.46,7,4.6,1.44,7.5,4.6,1.45,7.5,5.25,1.48,6.97,4.85,1.44,1.61,2.3,1.65,2.38,1.67,2.47,1.61,2.33,1.25,1.89,2.01,1.88,2.06,2,2.06,1.9,1.99
E0,Fulham,Newcastle,C Kavanagh,14,10,0,4,12,6,5,4,1,0,0,0,2.05,3.8,3.3,2.1,3.8,3.2,2.05,3.8,3.3,2.08,3.94,3.41,2.15,3.6,3.25,2.1,3.7,3.3,2.21,3.97,3.45,2.09,3.81,3.32,1.61,2.3,1.66,2.31,1.72,2.38,1.65,2.27,-0.5,2.02,1.77,2.08,1.84,2.09,1.86,2.07,1.81,2.4,3.4,2.9,2.4,3.5,2.9,2.45,3.4,2.85,2.53,3.47,2.91,2.5,3.3,2.88,2.45,3.5,2.88,2.61,3.72,3.06,2.48,3.44,2.89,1.8,2,1.87,2.02,1.9,2.19,1.81,2.04,-0.25,2.08,1.73,2.17,1.76,2.19,1.84,2.12,1.77
E0,Leeds,West Brom,D Coote,17,14,9,5,12,12,8,3,2,1,0,0,1.4,5.25,6.5,1.45,5,6.25,1.45,5.25,6.25,1.45,5.24,6.54,1.42,5,7,1.4,5,7,1.49,5.5,7,1.44,5.18,6.51,1.4,3,1.53,2.61,1.44,3.12,1.41,2.91,-1.25,1.93,1.97,1.94,1.96,1.96,2.01,1.91,1.97,1.53,4.75,5.25,1.55,4.6,5.25,1.53,4.7,5.5,1.54,4.81,5.69,1.5,4.8,5.8,1.55,4.5,5.75,1.59,4.92,6.2,1.54,4.69,5.59,1.53,2.5,1.52,2.67,1.57,2.82,1.5,2.6,-1,1.88,2.02,1.9,2.01,1.94,2.14,1.87,2
E0,Leicester,Tottenham,A Taylor,10,11,6,4,9,8,8,7,0,2,0,0,2,4,3.3,2,3.9,3.4,2.05,3.85,3.3,2.06,4.19,3.35,2.05,3.9,3.3,2,3.75,3.5,2.11,4.2,3.5,2.04,4.02,3.33,1.57,2.37,1.61,2.45,1.65,2.52,1.6,2.37,-0.5,2.05,1.85,2.06,1.87,2.06,1.9,2.04,1.85,1.83,4.2,3.75,1.75,4.25,4.1,1.77,4.1,4.1,1.78,4.36,4.33,1.75,4.2,4.2,1.75,3.9,4.5,1.86,4.6,4.5,1.79,4.19,4.14,1.57,2.37,1.57,2.55,1.6,2.66,1.55,2.47,-0.75,2.02,1.88,1.98,1.94,2.07,1.94,2.01,1.87
E0,Liverpool,Crystal Palace,C Pawson,19,5,5,4,10,8,14,1,2,2,0,0,1.14,8.5,15,1.16,8,16.5,1.15,8.25,16,1.16,8.73,18.32,1.15,8,17,1.17,7.5,17,1.19,9,20,1.16,8.28,17.35,1.36,3.2,1.48,2.63,1.41,3.25,1.37,3.1,-2.25,2,1.9,1.99,1.92,2.03,1.96,1.98,1.9,1.14,8.5,15,1.16,8,16.5,1.15,8.25,16,1.19,8.34,15,1.15,8,17,1.17,8,17,1.2,9.5,18.5,1.16,8.57,16.09,1.28,3.75,1.48,2.63,1.35,3.76,1.31,3.49,-2.25,1.86,2.04,1.88,2.03,1.98,2.14,1.88,2
E0,Man City,Everton,M Oliver,21,8,11,3,8,10,7,5,2,2,0,0,1.44,5,6.5,1.44,5,6.5,1.47,4.9,6,1.43,5.09,7.24,1.44,4.8,7,1.45,4.6,7,1.48,5.25,7.4,1.44,4.94,6.83,1.61,2.3,1.61,2.42,1.68,2.43,1.62,2.31,-1.25,2.01,1.89,1.98,1.93,2.05,1.93,2,1.88,1.3,6,9,1.3,6,9,1.3,6.25,8.5,1.28,6.28,10.34,1.3,5.8,9.5,1.3,5.75,9,1.32,6.65,11.25,1.3,6.12,9.6,1.44,2.75,1.53,2.63,1.5,2.96,1.45,2.77,-1.75,2.01,1.89,1.99,1.89,2.2,2,2.03,1.85
E0,Sheffield United,Burnley,K Friend,12,10,3,3,11,1,8,9,3,1,0,0,2.8,3.6,2.4,2.8,3.6,2.4,2.85,3.6,2.4,2.87,3.74,2.43,2.8,3.5,2.45,2.88,3.5,2.4,2.9,3.76,2.48,2.84,3.63,2.41,1.72,2.1,1.74,2.18,1.8,2.21,1.74,2.12,0.25,1.79,2.11,1.81,2.11,1.82,2.13,1.79,2.11,2.8,3.4,2.5,2.75,3.5,2.5,2.75,3.4,2.55,2.85,3.45,2.58,2.88,3.5,2.4,2.8,3.5,2.5,3.08,3.67,2.63,2.8,3.47,2.53,1.8,2,1.86,2.03,1.89,2.17,1.79,2.05,0,2.04,1.86,2.05,1.86,2.17,1.9,2.03,1.84
E0,West Ham,Southampton,M Atkinson,14,17,7,5,5,9,2,3,0,3,0,0,1.65,4,5,1.72,4,4.6,1.7,4.1,4.6,1.74,3.99,5.03,1.7,3.9,4.8,1.67,4.1,4.8,1.76,4.18,5.04,1.72,4,4.76,1.61,2.3,1.63,2.4,1.7,2.4,1.63,2.31,-0.75,1.91,1.99,1.94,1.98,1.97,2.02,1.92,1.96,1.75,3.9,4.5,1.78,3.75,4.5,1.77,3.85,4.4,1.79,3.94,4.75,1.75,3.8,4.6,1.8,3.8,4.6,1.83,4,4.92,1.78,3.85,4.57,1.72,2.1,1.8,2.11,1.8,2.31,1.73,2.14,-0.75,2,1.9,2.02,1.91,2.06,2.01,1.99,1.89
E0,Wolves,Man United,M Dean,14,9,4,4,14,3,6,2,4,1,0,0,2.5,3.5,2.7,2.5,3.6,2.7,2.55,3.6,2.65,2.59,3.78,2.7,2.55,3.5,2.7,2.5,3.5,2.75,2.63,3.78,2.81,2.53,3.63,2.69,1.72,2.1,1.72,2.22,1.81,2.26,1.74,2.13,0,1.9,2,1.92,2.01,1.93,2.05,1.88,1.99,2.25,3.4,3.2,2.3,3.25,3.2,2.3,3.15,3.35,2.48,3.19,3.28,2.25,3.4,3.2,2.3,3.2,3.4,2.52,3.73,3.4,2.34,3.25,3.26,2.37,1.57,2.49,1.59,2.49,1.75,2.32,1.62,-0.25,2.04,1.86,2.1,1.84,2.1,1.94,2,1.88
